Accuracy,Avg_loss
10.0,2.302486
10.5,2.301574
63.1,0.963475
72.4,0.722314
76.8,0.63739
80.7,0.539151
81.8,0.506903
83.2,0.471057
83.8,0.449167
84.6,0.429109
