Accuracy,Avg_loss
82.1,0.510359
85.7,0.385947
86.9,0.350149
88.3,0.331204
88.3,0.318688
88.8,0.30443
88.5,0.307452
88.7,0.312126
88.9,0.304947
88.2,0.318353
